USE [Equipment]/****** Object:  Table [dbo].[Booking]    Script Date: 21.11.2023 15:02:00 ******/SET ANSI_NULLS ONSET QUOTED_IDENTIFIER ONCREATE TABLE [dbo].[Booking](	[ID] [int] IDENTITY(1,1) NOT NULL,	[ID_Scientist] [int] NOT NULL,	[ID_Equipment] [int] NOT NULL,	[DateStart] [date] NOT NULL,	[DateEnd] [date] NOT NULL,	[ID_PurposeOfUse] [int] NOT NULL,	[ID_Confirmation] [int] NULL,	[Approved] [tinyint] NULL, CONSTRAINT [PK_Booking] PRIMARY KEY CLUSTERED (	[ID] ASC)WITH (PAD_INDEX = OFF, STATISTICS_NORECOMPUTE = OFF, IGNORE_DUP_KEY = OFF, ALLOW_ROW_LOCKS = ON, ALLOW_PAGE_LOCKS = ON) ON [PRIMARY]) ON [PRIMARY]/****** Object:  Table [dbo].[Equipment]    Script Date: 21.11.2023 15:02:00 ******/SET ANSI_NULLS ONSET QUOTED_IDENTIFIER ONCREATE TABLE [dbo].[Equipment](	[ID] [int] IDENTITY(1,1) NOT NULL,	[Name] [nvarchar](max) NOT NULL,	[Dimansions] [nvarchar](max) NOT NULL,	[Weight] [nvarchar](max) NOT NULL,	[ID_ReponsibleScientists] [int] NULL,	[ID_Status] [int] NOT NULL,	[ID_Type] [int] NULL, CONSTRAINT [PK_Equipment] PRIMARY KEY CLUSTERED (	[ID] ASC)WITH (PAD_INDEX = OFF, STATISTICS_NORECOMPUTE = OFF, IGNORE_DUP_KEY = OFF, ALLOW_ROW_LOCKS = ON, ALLOW_PAGE_LOCKS = ON) ON [PRIMARY]) ON [PRIMARY] TEXTIMAGE_ON [PRIMARY]/****** Object:  Table [dbo].[Plan]    Script Date: 21.11.2023 15:02:00 ******/SET ANSI_NULLS ONSET QUOTED_IDENTIFIER ONCREATE TABLE [dbo].[Plan](	[ID] [int] IDENTITY(1,1) NOT NULL,	[Title] [nvarchar](max) NOT NULL, CONSTRAINT [PK_Plan] PRIMARY KEY CLUSTERED (	[ID] ASC)WITH (PAD_INDEX = OFF, STATISTICS_NORECOMPUTE = OFF, IGNORE_DUP_KEY = OFF, ALLOW_ROW_LOCKS = ON, ALLOW_PAGE_LOCKS = ON) ON [PRIMARY]) ON [PRIMARY] TEXTIMAGE_ON [PRIMARY]/****** Object:  Table [dbo].[Position]    Script Date: 21.11.2023 15:02:00 ******/SET ANSI_NULLS ONSET QUOTED_IDENTIFIER ONCREATE TABLE [dbo].[Position](	[ID] [int] IDENTITY(1,1) NOT NULL,	[Title] [nvarchar](max) NULL, CONSTRAINT [PK_Position] PRIMARY KEY CLUSTERED (	[ID] ASC)WITH (PAD_INDEX = OFF, STATISTICS_NORECOMPUTE = OFF, IGNORE_DUP_KEY = OFF, ALLOW_ROW_LOCKS = ON, ALLOW_PAGE_LOCKS = ON) ON [PRIMARY]) ON [PRIMARY] TEXTIMAGE_ON [PRIMARY]/****** Object:  Table [dbo].[PurposeOfUse]    Script Date: 21.11.2023 15:02:00 ******/SET ANSI_NULLS ONSET QUOTED_IDENTIFIER ONCREATE TABLE [dbo].[PurposeOfUse](	[ID] [int] IDENTITY(1,1) NOT NULL,	[Title] [nvarchar](max) NOT NULL, CONSTRAINT [PK_PurposeOfUse] PRIMARY KEY CLUSTERED (	[ID] ASC)WITH (PAD_INDEX = OFF, STATISTICS_NORECOMPUTE = OFF, IGNORE_DUP_KEY = OFF, ALLOW_ROW_LOCKS = ON, ALLOW_PAGE_LOCKS = ON) ON [PRIMARY]) ON [PRIMARY] TEXTIMAGE_ON [PRIMARY]/****** Object:  Table [dbo].[Report]    Script Date: 21.11.2023 15:02:00 ******/SET ANSI_NULLS ONSET QUOTED_IDENTIFIER ONCREATE TABLE [dbo].[Report](	[ID] [int] IDENTITY(1,1) NOT NULL,	[ID_Booking] [int] NOT NULL,	[ID_Plan] [int] NOT NULL, CONSTRAINT [PK_Report] PRIMARY KEY CLUSTERED (	[ID] ASC)WITH (PAD_INDEX = OFF, STATISTICS_NORECOMPUTE = OFF, IGNORE_DUP_KEY = OFF, ALLOW_ROW_LOCKS = ON, ALLOW_PAGE_LOCKS = ON) ON [PRIMARY]) ON [PRIMARY]/****** Object:  Table [dbo].[Scientists]    Script Date: 21.11.2023 15:02:00 ******/SET ANSI_NULLS ONSET QUOTED_IDENTIFIER ONCREATE TABLE [dbo].[Scientists](	[ID] [int] IDENTITY(1,1) NOT NULL,	[Firstname] [nvarchar](max) NOT NULL,	[Patronymic] [nvarchar](max) NOT NULL,	[Lastname] [nvarchar](max) NOT NULL,	[Login] [nvarchar](max) NOT NULL,	[Password] [nvarchar](max) NOT NULL,	[ID_Position] [int] NOT NULL, CONSTRAINT [PK_Scientists] PRIMARY KEY CLUSTERED (	[ID] ASC)WITH (PAD_INDEX = OFF, STATISTICS_NORECOMPUTE = OFF, IGNORE_DUP_KEY = OFF, ALLOW_ROW_LOCKS = ON, ALLOW_PAGE_LOCKS = ON) ON [PRIMARY]) ON [PRIMARY] TEXTIMAGE_ON [PRIMARY]/****** Object:  Table [dbo].[Status]    Script Date: 21.11.2023 15:02:00 ******/SET ANSI_NULLS ONSET QUOTED_IDENTIFIER ONCREATE TABLE [dbo].[Status](	[ID] [int] IDENTITY(1,1) NOT NULL,	[Title] [nvarchar](max) NOT NULL, CONSTRAINT [PK_Status] PRIMARY KEY CLUSTERED (	[ID] ASC)WITH (PAD_INDEX = OFF, STATISTICS_NORECOMPUTE = OFF, IGNORE_DUP_KEY = OFF, ALLOW_ROW_LOCKS = ON, ALLOW_PAGE_LOCKS = ON) ON [PRIMARY]) ON [PRIMARY] TEXTIMAGE_ON [PRIMARY]/****** Object:  Table [dbo].[Type]    Script Date: 21.11.2023 15:02:00 ******/SET ANSI_NULLS ONSET QUOTED_IDENTIFIER ONCREATE TABLE [dbo].[Type](	[ID] [int] IDENTITY(1,1) NOT NULL,	[Title] [nvarchar](max) NOT NULL, CONSTRAINT [PK_Type] PRIMARY KEY CLUSTERED (	[ID] ASC)WITH (PAD_INDEX = OFF, STATISTICS_NORECOMPUTE = OFF, IGNORE_DUP_KEY = OFF, ALLOW_ROW_LOCKS = ON, ALLOW_PAGE_LOCKS = ON) ON [PRIMARY]) ON [PRIMARY] TEXTIMAGE_ON [PRIMARY]SET IDENTITY_INSERT [dbo].[Booking] ON INSERT [dbo].[Booking] ([ID], [ID_Scientist], [ID_Equipment], [DateStart], [DateEnd], [ID_PurposeOfUse], [ID_Confirmation], [Approved]) VALUES (48, 25, 17, CAST(N'2023-05-13' AS Date), CAST(N'2023-05-14' AS Date), 2, NULL, 1)INSERT [dbo].[Booking] ([ID], [ID_Scientist], [ID_Equipment], [DateStart], [DateEnd], [ID_PurposeOfUse], [ID_Confirmation], [Approved]) VALUES (49, 25, 23, CAST(N'2023-05-13' AS Date), CAST(N'2023-05-13' AS Date), 1, NULL, 1)INSERT [dbo].[Booking] ([ID], [ID_Scientist], [ID_Equipment], [DateStart], [DateEnd], [ID_PurposeOfUse], [ID_Confirmation], [Approved]) VALUES (50, 25, 26, CAST(N'2023-05-13' AS Date), CAST(N'2023-05-14' AS Date), 2, NULL, 1)INSERT [dbo].[Booking] ([ID], [ID_Scientist], [ID_Equipment], [DateStart], [DateEnd], [ID_PurposeOfUse], [ID_Confirmation], [Approved]) VALUES (51, 25, 26, CAST(N'2023-05-22' AS Date), CAST(N'2023-05-24' AS Date), 3, NULL, 1)INSERT [dbo].[Booking] ([ID], [ID_Scientist], [ID_Equipment], [DateStart], [DateEnd], [ID_PurposeOfUse], [ID_Confirmation], [Approved]) VALUES (52, 28, 25, CAST(N'2023-05-13' AS Date), CAST(N'2023-05-14' AS Date), 2, NULL, 1)INSERT [dbo].[Booking] ([ID], [ID_Scientist], [ID_Equipment], [DateStart], [DateEnd], [ID_PurposeOfUse], [ID_Confirmation], [Approved]) VALUES (53, 28, 25, CAST(N'2023-05-16' AS Date), CAST(N'2023-05-17' AS Date), 3, NULL, 1)INSERT [dbo].[Booking] ([ID], [ID_Scientist], [ID_Equipment], [DateStart], [DateEnd], [ID_PurposeOfUse], [ID_Confirmation], [Approved]) VALUES (54, 25, 21, CAST(N'2023-05-13' AS Date), CAST(N'2023-05-13' AS Date), 2, NULL, 1)INSERT [dbo].[Booking] ([ID], [ID_Scientist], [ID_Equipment], [DateStart], [DateEnd], [ID_PurposeOfUse], [ID_Confirmation], [Approved]) VALUES (55, 25, 21, CAST(N'2023-05-17' AS Date), CAST(N'2023-05-20' AS Date), 3, NULL, 1)INSERT [dbo].[Booking] ([ID], [ID_Scientist], [ID_Equipment], [DateStart], [DateEnd], [ID_PurposeOfUse], [ID_Confirmation], [Approved]) VALUES (56, 28, 24, CAST(N'2023-05-13' AS Date), CAST(N'2023-05-13' AS Date), 1, NULL, 1)INSERT [dbo].[Booking] ([ID], [ID_Scientist], [ID_Equipment], [DateStart], [DateEnd], [ID_PurposeOfUse], [ID_Confirmation], [Approved]) VALUES (57, 28, 24, CAST(N'2023-05-18' AS Date), CAST(N'2023-05-19' AS Date), 2, NULL, 1)INSERT [dbo].[Booking] ([ID], [ID_Scientist], [ID_Equipment], [DateStart], [DateEnd], [ID_PurposeOfUse], [ID_Confirmation], [Approved]) VALUES (58, 25, 14, CAST(N'2023-05-13' AS Date), CAST(N'2023-05-13' AS Date), 1, NULL, 1)INSERT [dbo].[Booking] ([ID], [ID_Scientist], [ID_Equipment], [DateStart], [DateEnd], [ID_PurposeOfUse], [ID_Confirmation], [Approved]) VALUES (59, 25, 14, CAST(N'2023-05-16' AS Date), CAST(N'2023-05-18' AS Date), 3, NULL, 1)INSERT [dbo].[Booking] ([ID], [ID_Scientist], [ID_Equipment], [DateStart], [DateEnd], [ID_PurposeOfUse], [ID_Confirmation], [Approved]) VALUES (60, 25, 27, CAST(N'2023-05-13' AS Date), CAST(N'2023-05-13' AS Date), 3, NULL, 1)INSERT [dbo].[Booking] ([ID], [ID_Scientist], [ID_Equipment], [DateStart], [DateEnd], [ID_PurposeOfUse], [ID_Confirmation], [Approved]) VALUES (61, 25, 27, CAST(N'2023-05-15' AS Date), CAST(N'2023-05-17' AS Date), 2, NULL, 1)INSERT [dbo].[Booking] ([ID], [ID_Scientist], [ID_Equipment], [DateStart], [DateEnd], [ID_PurposeOfUse], [ID_Confirmation], [Approved]) VALUES (62, 28, 17, CAST(N'2023-05-20' AS Date), CAST(N'2023-05-21' AS Date), 3, NULL, 0)INSERT [dbo].[Booking] ([ID], [ID_Scientist], [ID_Equipment], [DateStart], [DateEnd], [ID_PurposeOfUse], [ID_Confirmation], [Approved]) VALUES (63, 25, 16, CAST(N'2023-06-09' AS Date), CAST(N'2023-06-16' AS Date), 1, NULL, 0)INSERT [dbo].[Booking] ([ID], [ID_Scientist], [ID_Equipment], [DateStart], [DateEnd], [ID_PurposeOfUse], [ID_Confirmation], [Approved]) VALUES (64, 25, 16, CAST(N'2023-07-05' AS Date), CAST(N'2023-07-20' AS Date), 3, NULL, 1)INSERT [dbo].[Booking] ([ID], [ID_Scientist], [ID_Equipment], [DateStart], [DateEnd], [ID_PurposeOfUse], [ID_Confirmation], [Approved]) VALUES (65, 25, 14, CAST(N'2023-07-04' AS Date), CAST(N'2023-07-05' AS Date), 1, NULL, 0)INSERT [dbo].[Booking] ([ID], [ID_Scientist], [ID_Equipment], [DateStart], [DateEnd], [ID_PurposeOfUse], [ID_Confirmation], [Approved]) VALUES (66, 25, 14, CAST(N'2023-09-06' AS Date), CAST(N'2023-09-06' AS Date), 2, NULL, 1)INSERT [dbo].[Booking] ([ID], [ID_Scientist], [ID_Equipment], [DateStart], [DateEnd], [ID_PurposeOfUse], [ID_Confirmation], [Approved]) VALUES (67, 25, 14, CAST(N'2023-09-07' AS Date), CAST(N'2023-09-07' AS Date), 3, NULL, 1)INSERT [dbo].[Booking] ([ID], [ID_Scientist], [ID_Equipment], [DateStart], [DateEnd], [ID_PurposeOfUse], [ID_Confirmation], [Approved]) VALUES (68, 25, 16, CAST(N'2023-09-07' AS Date), CAST(N'2023-09-07' AS Date), 2, NULL, 1)INSERT [dbo].[Booking] ([ID], [ID_Scientist], [ID_Equipment], [DateStart], [DateEnd], [ID_PurposeOfUse], [ID_Confirmation], [Approved]) VALUES (69, 25, 16, CAST(N'2023-09-09' AS Date), CAST(N'2023-09-09' AS Date), 3, NULL, 0)INSERT [dbo].[Booking] ([ID], [ID_Scientist], [ID_Equipment], [DateStart], [DateEnd], [ID_PurposeOfUse], [ID_Confirmation], [Approved]) VALUES (70, 25, 16, CAST(N'2023-10-14' AS Date), CAST(N'2023-10-14' AS Date), 2, NULL, 0)INSERT [dbo].[Booking] ([ID], [ID_Scientist], [ID_Equipment], [DateStart], [DateEnd], [ID_PurposeOfUse], [ID_Confirmation], [Approved]) VALUES (71, 25, 16, CAST(N'2023-10-14' AS Date), CAST(N'2023-10-15' AS Date), 3, NULL, 1)INSERT [dbo].[Booking] ([ID], [ID_Scientist], [ID_Equipment], [DateStart], [DateEnd], [ID_PurposeOfUse], [ID_Confirmation], [Approved]) VALUES (72, 28, 25, CAST(N'2023-06-09' AS Date), CAST(N'2023-06-09' AS Date), 2, NULL, 1)INSERT [dbo].[Booking] ([ID], [ID_Scientist], [ID_Equipment], [DateStart], [DateEnd], [ID_PurposeOfUse], [ID_Confirmation], [Approved]) VALUES (73, 28, 25, CAST(N'2023-06-19' AS Date), CAST(N'2023-06-19' AS Date), 2, NULL, 0)INSERT [dbo].[Booking] ([ID], [ID_Scientist], [ID_Equipment], [DateStart], [DateEnd], [ID_PurposeOfUse], [ID_Confirmation], [Approved]) VALUES (74, 28, 25, CAST(N'2023-08-10' AS Date), CAST(N'2023-08-10' AS Date), 1, NULL, 1)INSERT [dbo].[Booking] ([ID], [ID_Scientist], [ID_Equipment], [DateStart], [DateEnd], [ID_PurposeOfUse], [ID_Confirmation], [Approved]) VALUES (75, 28, 25, CAST(N'2023-06-10' AS Date), CAST(N'2023-06-10' AS Date), 3, NULL, 0)INSERT [dbo].[Booking] ([ID], [ID_Scientist], [ID_Equipment], [DateStart], [DateEnd], [ID_PurposeOfUse], [ID_Confirmation], [Approved]) VALUES (76, 28, 25, CAST(N'2023-05-21' AS Date), CAST(N'2023-05-31' AS Date), 3, NULL, 1)INSERT [dbo].[Booking] ([ID], [ID_Scientist], [ID_Equipment], [DateStart], [DateEnd], [ID_PurposeOfUse], [ID_Confirmation], [Approved]) VALUES (77, 28, 25, CAST(N'2023-11-14' AS Date), CAST(N'2023-11-14' AS Date), 1, NULL, 0)INSERT [dbo].[Booking] ([ID], [ID_Scientist], [ID_Equipment], [DateStart], [DateEnd], [ID_PurposeOfUse], [ID_Confirmation], [Approved]) VALUES (78, 28, 25, CAST(N'2023-11-17' AS Date), CAST(N'2023-11-17' AS Date), 3, NULL, 1)INSERT [dbo].[Booking] ([ID], [ID_Scientist], [ID_Equipment], [DateStart], [DateEnd], [ID_PurposeOfUse], [ID_Confirmation], [Approved]) VALUES (79, 28, 25, CAST(N'2023-11-17' AS Date), CAST(N'2023-11-17' AS Date), 1, NULL, 0)INSERT [dbo].[Booking] ([ID], [ID_Scientist], [ID_Equipment], [DateStart], [DateEnd], [ID_PurposeOfUse], [ID_Confirmation], [Approved]) VALUES (80, 25, 16, CAST(N'2023-11-07' AS Date), CAST(N'2023-11-12' AS Date), 1, NULL, 1)INSERT [dbo].[Booking] ([ID], [ID_Scientist], [ID_Equipment], [DateStart], [DateEnd], [ID_PurposeOfUse], [ID_Confirmation], [Approved]) VALUES (81, 25, 16, CAST(N'2023-11-07' AS Date), CAST(N'2023-11-12' AS Date), 3, NULL, 0)SET IDENTITY_INSERT [dbo].[Booking] OFFSET IDENTITY_INSERT [dbo].[Equipment] ON INSERT [dbo].[Equipment] ([ID], [Name], [Dimansions], [Weight], [ID_ReponsibleScientists], [ID_Status], [ID_Type]) VALUES (14, N'1', N'1', N'1', 24, 1, 8)INSERT [dbo].[Equipment] ([ID], [Name], [Dimansions], [Weight], [ID_ReponsibleScientists], [ID_Status], [ID_Type]) VALUES (15, N'ГРАВ', N'3', N'3', 24, 4, 4)INSERT [dbo].[Equipment] ([ID], [Name], [Dimansions], [Weight], [ID_ReponsibleScientists], [ID_Status], [ID_Type]) VALUES (16, N'Что-то очень крутое и значимое', N'20 на 60 на 30', N'30', 24, 1, 1)INSERT [dbo].[Equipment] ([ID], [Name], [Dimansions], [Weight], [ID_ReponsibleScientists], [ID_Status], [ID_Type]) VALUES (17, N'Да именно да', N'23', N'23', 24, 1, 8)INSERT [dbo].[Equipment] ([ID], [Name], [Dimansions], [Weight], [ID_ReponsibleScientists], [ID_Status], [ID_Type]) VALUES (18, N'Нет именно нет', N'56', N'56', 24, 3, 6)INSERT [dbo].[Equipment] ([ID], [Name], [Dimansions], [Weight], [ID_ReponsibleScientists], [ID_Status], [ID_Type]) VALUES (19, N'Нужно больше золота', N'76 на 56 на 56', N'90', 27, 2, 3)INSERT [dbo].[Equipment] ([ID], [Name], [Dimansions], [Weight], [ID_ReponsibleScientists], [ID_Status], [ID_Type]) VALUES (20, N'Чжун Ли - машина для убийств', N'40 на 40', N'20', 27, 2, 6)INSERT [dbo].[Equipment] ([ID], [Name], [Dimansions], [Weight], [ID_ReponsibleScientists], [ID_Status], [ID_Type]) VALUES (21, N'saty', N'23', N'23', 27, 1, 2)INSERT [dbo].[Equipment] ([ID], [Name], [Dimansions], [Weight], [ID_ReponsibleScientists], [ID_Status], [ID_Type]) VALUES (23, N'уу', N'33', N'33', 27, 1, 8)INSERT [dbo].[Equipment] ([ID], [Name], [Dimansions], [Weight], [ID_ReponsibleScientists], [ID_Status], [ID_Type]) VALUES (24, N'котолокатор', N'45', N'45', 29, 1, 4)INSERT [dbo].[Equipment] ([ID], [Name], [Dimansions], [Weight], [ID_ReponsibleScientists], [ID_Status], [ID_Type]) VALUES (25, N'вибрис', N'23', N'23', 29, 5, 4)INSERT [dbo].[Equipment] ([ID], [Name], [Dimansions], [Weight], [ID_ReponsibleScientists], [ID_Status], [ID_Type]) VALUES (26, N'Мышколокатор', N'54', N'45', 29, 1, 4)INSERT [dbo].[Equipment] ([ID], [Name], [Dimansions], [Weight], [ID_ReponsibleScientists], [ID_Status], [ID_Type]) VALUES (27, N'Ямкозагребатель', N'34', N'3', 29, 1, 2)INSERT [dbo].[Equipment] ([ID], [Name], [Dimansions], [Weight], [ID_ReponsibleScientists], [ID_Status], [ID_Type]) VALUES (28, N'Квас', N'10 на 10', N'2', 24, 1, 7)SET IDENTITY_INSERT [dbo].[Equipment] OFFSET IDENTITY_INSERT [dbo].[Plan] ON INSERT [dbo].[Plan] ([ID], [Title]) VALUES (1, N'Выполнен')INSERT [dbo].[Plan] ([ID], [Title]) VALUES (2, N'Не выполнен')INSERT [dbo].[Plan] ([ID], [Title]) VALUES (3, N'')SET IDENTITY_INSERT [dbo].[Plan] OFFSET IDENTITY_INSERT [dbo].[Position] ON INSERT [dbo].[Position] ([ID], [Title]) VALUES (1, N'Администатор')INSERT [dbo].[Position] ([ID], [Title]) VALUES (2, N'Ответственный работник')INSERT [dbo].[Position] ([ID], [Title]) VALUES (3, N'Научный работник')SET IDENTITY_INSERT [dbo].[Position] OFFSET IDENTITY_INSERT [dbo].[PurposeOfUse] ON INSERT [dbo].[PurposeOfUse] ([ID], [Title]) VALUES (1, N'Госзадание')INSERT [dbo].[PurposeOfUse] ([ID], [Title]) VALUES (2, N'Хоздоговор')INSERT [dbo].[PurposeOfUse] ([ID], [Title]) VALUES (3, N'Иной проект')SET IDENTITY_INSERT [dbo].[PurposeOfUse] OFFSET IDENTITY_INSERT [dbo].[Scientists] ON INSERT [dbo].[Scientists] ([ID], [Firstname], [Patronymic], [Lastname], [Login], [Password], [ID_Position]) VALUES (24, N'Рада', N'Олеговна', N'Гарльд', N'2', N'?r??L/co???,', 2)INSERT [dbo].[Scientists] ([ID], [Firstname], [Patronymic], [Lastname], [Login], [Password], [ID_Position]) VALUES (25, N'Ирина', N'Александровна', N'Валитова', N'3', N'???~K\??(0????', 3)INSERT [dbo].[Scientists] ([ID], [Firstname], [Patronymic], [Lastname], [Login], [Password], [ID_Position]) VALUES (26, N'Иван', N'Иванович', N'Иванов', N'11', N'e?C???,??e-?', 1)INSERT [dbo].[Scientists] ([ID], [Firstname], [Patronymic], [Lastname], [Login], [Password], [ID_Position]) VALUES (27, N'Владислав', N'Григорьевич', N'Соболев', N'22', N'??g???]!?KX?h?', 2)INSERT [dbo].[Scientists] ([ID], [Firstname], [Patronymic], [Lastname], [Login], [Password], [ID_Position]) VALUES (28, N'Максим', N'Георгиевич ', N'Валитов', N'33', N'+????Pr?d??M=n', 3)INSERT [dbo].[Scientists] ([ID], [Firstname], [Patronymic], [Lastname], [Login], [Password], [ID_Position]) VALUES (29, N'Алкекс', N'Мяукович', N'Котов', N'666', N'??|Er?g?g???NS', 2)SET IDENTITY_INSERT [dbo].[Scientists] OFFSET IDENTITY_INSERT [dbo].[Status] ON INSERT [dbo].[Status] ([ID], [Title]) VALUES (1, N'Готово к использованию')INSERT [dbo].[Status] ([ID], [Title]) VALUES (2, N'Требуется ремонт')INSERT [dbo].[Status] ([ID], [Title]) VALUES (3, N'Требуется замена расходных материалов')INSERT [dbo].[Status] ([ID], [Title]) VALUES (4, N'Списано')INSERT [dbo].[Status] ([ID], [Title]) VALUES (5, N'Забранировано')INSERT [dbo].[Status] ([ID], [Title]) VALUES (7, N'Эксплуатируется')SET IDENTITY_INSERT [dbo].[Status] OFFSET IDENTITY_INSERT [dbo].[Type] ON INSERT [dbo].[Type] ([ID], [Title]) VALUES (1, N'Геофизическое')INSERT [dbo].[Type] ([ID], [Title]) VALUES (2, N'Геологическое')INSERT [dbo].[Type] ([ID], [Title]) VALUES (3, N'Гидрографическое')INSERT [dbo].[Type] ([ID], [Title]) VALUES (4, N'Акустическое')INSERT [dbo].[Type] ([ID], [Title]) VALUES (5, N'Геохимическое')INSERT [dbo].[Type] ([ID], [Title]) VALUES (6, N'Биологическое')INSERT [dbo].[Type] ([ID], [Title]) VALUES (7, N'Гидрохимическое')INSERT [dbo].[Type] ([ID], [Title]) VALUES (8, N'Гидрофизическое')SET IDENTITY_INSERT [dbo].[Type] OFFALTER TABLE [dbo].[Booking]  WITH CHECK ADD  CONSTRAINT [FK_Booking_Equipment] FOREIGN KEY([ID_Equipment])REFERENCES [dbo].[Equipment] ([ID])ALTER TABLE [dbo].[Booking] CHECK CONSTRAINT [FK_Booking_Equipment]ALTER TABLE [dbo].[Booking]  WITH CHECK ADD  CONSTRAINT [FK_Booking_PurposeOfUse] FOREIGN KEY([ID_PurposeOfUse])REFERENCES [dbo].[PurposeOfUse] ([ID])ALTER TABLE [dbo].[Booking] CHECK CONSTRAINT [FK_Booking_PurposeOfUse]ALTER TABLE [dbo].[Booking]  WITH CHECK ADD  CONSTRAINT [FK_Booking_Scientists] FOREIGN KEY([ID_Scientist])REFERENCES [dbo].[Scientists] ([ID])ALTER TABLE [dbo].[Booking] CHECK CONSTRAINT [FK_Booking_Scientists]ALTER TABLE [dbo].[Equipment]  WITH CHECK ADD  CONSTRAINT [FK_Equipment_Scientists1] FOREIGN KEY([ID_ReponsibleScientists])REFERENCES [dbo].[Scientists] ([ID])ON DELETE SET NULLALTER TABLE [dbo].[Equipment] CHECK CONSTRAINT [FK_Equipment_Scientists1]ALTER TABLE [dbo].[Equipment]  WITH CHECK ADD  CONSTRAINT [FK_Equipment_Status] FOREIGN KEY([ID_Status])REFERENCES [dbo].[Status] ([ID])ALTER TABLE [dbo].[Equipment] CHECK CONSTRAINT [FK_Equipment_Status]ALTER TABLE [dbo].[Equipment]  WITH CHECK ADD  CONSTRAINT [FK_Equipment_Type] FOREIGN KEY([ID_Type])REFERENCES [dbo].[Type] ([ID])ALTER TABLE [dbo].[Equipment] CHECK CONSTRAINT [FK_Equipment_Type]ALTER TABLE [dbo].[Report]  WITH CHECK ADD  CONSTRAINT [FK_Report_Booking] FOREIGN KEY([ID_Booking])REFERENCES [dbo].[Booking] ([ID])ALTER TABLE [dbo].[Report] CHECK CONSTRAINT [FK_Report_Booking]ALTER TABLE [dbo].[Report]  WITH CHECK ADD  CONSTRAINT [FK_Report_Plan] FOREIGN KEY([ID_Plan])REFERENCES [dbo].[Plan] ([ID])ALTER TABLE [dbo].[Report] CHECK CONSTRAINT [FK_Report_Plan]ALTER TABLE [dbo].[Scientists]  WITH CHECK ADD  CONSTRAINT [FK_Scientists_Position] FOREIGN KEY([ID_Position])REFERENCES [dbo].[Position] ([ID])ALTER TABLE [dbo].[Scientists] CHECK CONSTRAINT [FK_Scientists_Position]USE [master]ALTER DATABASE [Equipment] SET  READ_WRITE 